<annotation>
	<folder>train</folder>
	<filename>3.jpg</filename>
	<path>C:\Users\TOSHIBA\Downloads\!!!CV\object_detection\images\train\3.jpg</path>
	<source>
		<database>Unknown</database>
	</source>
	<size>
		<width>1152</width>
		<height>864</height>
		<depth>3</depth>
	</size>
	<segmented>0</segmented>
	<object>
		<name>pass</name>
		<pose>Unspecified</pose>
		<truncated>0</truncated>
		<difficult>0</difficult>
		<bndbox>
			<xmin>12</xmin>
			<ymin>166</ymin>
			<xmax>724</xmax>
			<ymax>849</ymax>
		</bndbox>
	</object>
	<object>
		<name>pen</name>
		<pose>Unspecified</pose>
		<truncated>0</truncated>
		<difficult>0</difficult>
		<bndbox>
			<xmin>697</xmin>
			<ymin>45</ymin>
			<xmax>1112</xmax>
			<ymax>665</ymax>
		</bndbox>
	</object>
</annotation>
