<annotation>
	<folder>train</folder>
	<filename>4.jpg</filename>
	<path>C:\Users\TOSHIBA\Downloads\!!!CV\object_detection\images\train\4.jpg</path>
	<source>
		<database>Unknown</database>
	</source>
	<size>
		<width>1152</width>
		<height>864</height>
		<depth>3</depth>
	</size>
	<segmented>0</segmented>
	<object>
		<name>pen</name>
		<pose>Unspecified</pose>
		<truncated>0</truncated>
		<difficult>0</difficult>
		<bndbox>
			<xmin>125</xmin>
			<ymin>254</ymin>
			<xmax>1009</xmax>
			<ymax>604</ymax>
		</bndbox>
	</object>
</annotation>
