<annotation>
	<folder>train</folder>
	<filename>6.jpg</filename>
	<path>C:\Users\TOSHIBA\Downloads\!!!CV\object_detection\images\train\6.jpg</path>
	<source>
		<database>Unknown</database>
	</source>
	<size>
		<width>1152</width>
		<height>864</height>
		<depth>3</depth>
	</size>
	<segmented>0</segmented>
	<object>
		<name>pass</name>
		<pose>Unspecified</pose>
		<truncated>1</truncated>
		<difficult>0</difficult>
		<bndbox>
			<xmin>54</xmin>
			<ymin>84</ymin>
			<xmax>1032</xmax>
			<ymax>864</ymax>
		</bndbox>
	</object>
</annotation>
